Year,Sex,0to4YearOlds,5to9YearOlds,10to14YearOlds,15to19YearOlds,20to24YearOlds,25to29YearOlds,30to34YearOlds,35to39YearOlds,40to44YearOlds,45to49YearOlds,50to54YearOlds,55to59YearOlds,60to64YearOlds,65to69YearOlds,70to74YearOlds,75to79YearOlds,80to84YearOlds,85YearsAndOlder,TotalPopulation,Midpoint,Bin,Percent,MedianAge,0to4YearOldsCumSum,5to9YearOldsCumSum,10to14YearOldsCumSum,15to19YearOldsCumSum,20to24YearOldsCumSum,25to29YearOldsCumSum,30to34YearOldsCumSum,35to39YearOldsCumSum,40to44YearOldsCumSum,45to49YearOldsCumSum,50to54YearOldsCumSum,55to59YearOldsCumSum,60to64YearOldsCumSum,65to69YearOldsCumSum,70to74YearOldsCumSum,75to79YearOldsCumSum,80to84YearOldsCumSum,85YearsAndOlderCumSum
1970,Total,59048,71051,75375,65289,55172,47385,39481,38694,42756,42848,37050,32403,28365,22651,16921,11382,6736,4561,697168,348584,25to29YearOldsCumSum,0.477978,26.91191,59048,130099,205474,270763,325935,373320,412801,451495,494251,537099,574149,606552,634917,657568,674489,685871,692607,697168
1970,Female,28926,34861,37076,32901,30002,24361,20537,20278,22152,22251,19257,17345,15725,12959,10297,7237,4568,3225,363958,181979,25to29YearOldsCumSum,0.747629,27.99052,28926,63787,100863,133764,163766,188127,208664,228942,251094,273345,292602,309947,325672,338631,348928,356165,360733,363958
1970,Male,30122,36190,38299,32388,25170,23024,18944,18416,20604,20597,17793,15058,12640,9692,6624,4145,2168,1336,333210,166605,25to29YearOldsCumSum,0.192669,25.77067,30122,66312,104611,136999,162169,185193,204137,222553,243157,263754,281547,296605,309245,318937,325561,329706,331874,333210
1971,Total,59480,68557,75365,66813,59270,48819,40555,38180,41970,42830,38199,33016,28758,23194,17247,11670,6976,4714,705613,352807,25to29YearOldsCumSum,0.477714,26.91085,59480,128037,203402,270215,329485,378304,418859,457039,499009,541839,580038,613054,641812,665006,682253,693923,700899,705613
1971,Female,29116,33645,37015,33578,31652,25084,20975,20010,21746,22315,19882,17626,15936,13278,10487,7499,4772,3364,367980,183990,25to29YearOldsCumSum,0.756817,28.02727,29116,62761,99776,133354,165006,190090,211065,231075,252821,275136,295018,312644,328580,341858,352345,359844,364616,367980
1971,Male,30364,34912,38350,33235,27618,23735,19580,18170,20224,20515,18317,15390,12822,9916,6760,4171,2204,1350,337633,168817,25to29YearOldsCumSum,0.182747,25.73099,30364,65276,103626,136861,164479,188214,207794,225964,246188,266703,285020,300410,313232,323148,329908,334079,336283,337633
1972,Total,58296,64994,73390,67440,58978,52720,41534,37394,40526,41849,39025,33081,28677,23746,17576,11959,7220,4862,703267,351634,25to29YearOldsCumSum,0.541265,27.16506,58296,123290,196680,264120,323098,375818,417352,454746,495272,537121,576146,609227,637904,661650,679226,691185,698405,703267
1972,Female,28522,31908,35994,33849,31075,27015,21344,19585,21005,21853,20341,17616,15883,13601,10682,7764,4977,3499,366513,183257,25to29YearOldsCumSum,0.810975,28.2439,28522,60430,96424,130273,161348,188363,209707,229292,250297,272150,292491,310107,325990,339591,350273,358037,363014,366513
1972,Male,29774,33086,37396,33591,27903,25705,20190,17809,19521,19996,18684,15465,12794,10145,6894,4195,2243,1363,336754,168377,25to29YearOldsCumSum,0.25781,26.03124,29774,62860,100256,133847,161750,187455,207645,225454,244975,264971,283655,299120,311914,322059,328953,333148,335391,336754
1973,Total,57669,62411,72332,68840,60549,55058,44169,37422,39719,41669,40220,33608,28996,24304,17913,12253,7463,5012,709607,354804,25to29YearOldsCumSum,0.599413,27.39765,57669,120080,192412,261252,321801,376859,421028,458450,498169,539838,580058,613666,642662,666966,684879,697132,704595,709607
1973,Female,28211,30647,35418,34514,31671,28210,22565,19588,20629,21785,21016,17851,16053,13927,10880,8030,5182,3636,369813,184907,25to29YearOldsCumSum,0.866554,28.46622,28211,58858,94276,128790,160461,188671,211236,230824,251453,273238,294254,312105,328158,342085,352965,360995,366177,369813
1973,Male,29458,31764,36914,34326,28878,26848,21604,17834,19090,19884,19204,15757,12943,10377,7033,4223,2281,1376,339794,169897,25to29YearOldsCumSum,0.31872,26.27488,29458,61222,98136,132462,161340,188188,209792,227626,246716,266600,285804,301561,314504,324881,331914,336137,338418,339794
1974,Total,56366,59836,70754,69548,61954,57757,45817,37462,38670,41132,40912,33935,29136,24543,18264,12536,7689,5282,711593,355797,25to29YearOldsCumSum,0.646476,27.5859,56366,116202,186956,256504,318458,376215,422032,459494,498164,539296,580208,614143,643279,667822,686086,698622,706311,711593
1974,Female,27550,29400,34567,34852,32245,29618,23313,19615,20131,21536,21410,17979,16123,14139,11149,8216,5361,3865,371069,185535,25to29YearOldsCumSum,0.908924,28.63569,27550,56950,91517,126369,158614,188232,211545,231160,251291,272827,294237,312216,328339,342478,353627,361843,367204,371069
1974,Male,28816,30436,36187,34696,29709,28139,22504,17847,18539,19596,19502,15956,13013,10404,7115,4320,2328,1417,340524,170262,25to29YearOldsCumSum,0.370233,26.48093,28816,59252,95439,130135,159844,187983,210487,228334,246873,266469,285971,301927,314940,325344,332459,336779,339107,340524
1975,Total,54582,57595,68083,69347,63120,60061,46867,37188,37233,40409,40895,33991,29051,24793,18629,12823,7913,5550,708130,354065,25to29YearOldsCumSum,0.688267,27.75307,54582,112177,180260,249607,312727,372788,419655,456843,494076,534485,575380,609371,638422,663215,681844,694667,702580,708130
1975,Female,26661,28298,33209,34749,32723,30833,23755,19475,19430,21186,21442,17965,16069,14357,11426,8403,5539,4093,369613,184807,25to29YearOldsCumSum,0.945951,28.7838,26661,54959,88168,122917,155640,186473,210228,229703,249133,270319,291761,309726,325795,340152,351578,359981,365520,369613
1975,Male,27921,29297,34874,34598,30397,29228,23112,17713,17803,19223,19453,16026,12982,10436,7203,4420,2374,1457,338517,169259,25to29YearOldsCumSum,0.416433,26.66573,27921,57218,92092,126690,157087,186315,209427,227140,244943,264166,283619,299645,312627,323063,330266,334686,337060,338517
1976,Total,51958,57136,64642,68813,63637,62597,46921,37251,36359,39393,40726,34800,29325,25094,19561,12953,8095,5582,704843,352422,25to29YearOldsCumSum,0.738622,27.95449,51958,109094,173736,242549,306186,368783,415704,452955,489314,528707,569433,604233,633558,658652,678213,691166,699261,704843
1976,Female,25376,28077,31536,34409,32980,32126,23781,19458,19034,20676,21426,18425,16163,14625,12037,8440,5632,4138,368339,184170,25to29YearOldsCumSum,0.989588,28.95835,25376,53453,84989,119398,152378,184504,208285,227743,246777,267453,288879,307304,323467,338092,350129,358569,364201,368339
1976,Male,26582,29059,33106,34404,30657,30471,23140,17793,17325,18717,19300,16375,13162,10469,7524,4513,2463,1444,336504,168252,25to29YearOldsCumSum,0.474024,26.8961,26582,55641,88747,123151,153808,184279,207419,225212,242537,261254,280554,296929,310091,320560,328084,332597,335060,336504
1977,Total,50628,55706,60820,67158,64128,61421,49821,37568,35567,38137,40039,35461,29473,25117,19758,13415,8170,5849,698236,349118,25to29YearOldsCumSum,0.825092,28.30037,50628,106334,167154,234312,298440,359861,409682,447250,482817,520954,560993,596454,625927,651044,670802,684217,692387,698236
1977,Female,24700,27383,29684,33541,33229,31543,25210,19568,18678,20060,21118,18806,16189,14568,12219,8710,5697,4335,365238,182619,30to34YearOldsCumSum,0.100714,30.40286,24700,52083,81767,115308,148537,180080,205290,224858,243536,263596,284714,303520,319709,334277,346496,355206,360903,365238
1977,Male,25928,28323,31136,33617,30899,29878,24611,18000,16889,18077,18921,16655,13284,10549,7539,4705,2473,1514,332998,166499,25to29YearOldsCumSum,0.555459,27.22184,25928,54251,85387,119004,149903,179781,204392,222392,239281,257358,276279,292934,306218,316767,324306,329011,331484,332998
1978,Total,50270,54276,57317,65710,64626,61956,50776,39024,35230,37102,39708,36329,29791,25196,20052,13890,8298,6066,695617,347809,25to29YearOldsCumSum,0.897564,28.59026,50270,104546,161863,227573,292199,354155,404931,443955,479185,516287,555995,592324,622115,647311,667363,681253,689551,695617
1978,Female,24508,26693,27983,32752,33527,31820,25694,20265,18552,19585,20970,19299,16306,14646,12349,9019,5815,4525,364308,182154,30to34YearOldsCumSum,0.189577,30.75831,24508,51201,79184,111936,145463,177283,202977,223242,241794,261379,282349,301648,317954,332600,344949,353968,359783,364308
1978,Male,25762,27583,29334,32958,31099,30136,25082,18759,16678,17517,18738,17030,13485,10550,7703,4871,2483,1541,331309,165655,25to29YearOldsCumSum,0.627771,27.51108,25762,53345,82679,115637,146736,176872,201954,220713,237391,254908,273646,290676,304161,314711,322414,327285,329768,331309
1979,Total,50290,52349,54018,64002,64765,62664,52231,39779,35024,35985,39170,37145,30066,25270,20207,14412,8440,6277,692094,346047,25to29YearOldsCumSum,0.967429,28.86972,50290,102639,156657,220659,285424,348088,400319,440098,475122,511107,550277,587422,617488,642758,662965,677377,685817,692094
1979,Female,24511,25746,26389,31808,33590,32162,26435,20604,18499,19059,20711,19762,16400,14652,12475,9346,5913,4702,362764,181382,30to34YearOldsCumSum,0.271458,31.08583,24511,50257,76646,108454,142044,174206,200641,221245,239744,258803,279514,299276,315676,330328,342803,352149,358062,362764
1979,Male,25779,26603,27629,32194,31175,30502,25796,19175,16525,16926,18459,17383,13666,10618,7732,5066,2527,1575,329330,164665,25to29YearOldsCumSum,0.697823,27.79129,25779,52382,80011,112205,143380,173882,199678,218853,235378,252304,270763,288146,301812,312430,320162,325228,327755,329330
1980,Total,50058,50221,51402,61429,63997,62952,53311,40067,34641,34533,38380,37300,30124,25398,20620,14669,8671,6527,684300,342150,30to34YearOldsCumSum,0.039223,30.15689,50058,100279,151681,213110,277107,340059,393370,433437,468078,502611,540991,578291,608415,633813,654433,669102,677773,684300
1980,Female,24394,24692,25105,30503,33207,32313,27012,20729,18333,18322,20311,19880,16391,14667,12745,9554,6055,4902,359115,179558,30to34YearOldsCumSum,0.345902,31.38361,24394,49086,74191,104694,137901,170214,197226,217955,236288,254610,274921,294801,311192,325859,338604,348158,354213,359115
1980,Male,25664,25529,26297,30926,30790,30639,26299,19338,16308,16211,18069,17420,13733,10731,7875,5115,2616,1625,325185,162593,25to29YearOldsCumSum,0.763292,28.05317,25664,51193,77490,108416,139206,169845,196144,215482,231790,248001,266070,283490,297223,307954,315829,320944,323560,325185
1981,Total,50326,48372,51128,58792,63523,62892,55445,40284,35191,33869,37293,36551,30460,25603,20856,14938,8901,6738,681162,340581,30to34YearOldsCumSum,0.100063,30.40025,50326,98698,149826,208618,272141,335033,390478,430762,465953,499822,537115,573666,604126,629729,650585,665523,674424,681162
1981,Female,24514,23766,24959,29200,33014,32332,28193,20878,18587,17939,19744,19543,16570,14814,12841,9742,6204,5078,357918,178959,30to34YearOldsCumSum,0.39634,31.58536,24514,48280,73239,102439,135453,167785,195978,216856,235443,253382,273126,292669,309239,324053,336894,346636,352840,357918
1981,Male,25812,24606,26169,29592,30509,30560,27252,19406,16604,15930,17549,17008,13890,10789,8015,5196,2697,1660,323244,161622,25to29YearOldsCumSum,0.815903,28.26361,25812,50418,76587,106179,136688,167248,194500,213906,230510,246440,263989,280997,294887,305676,313691,318887,321584,323244
1982,Total,50256,47861,50906,56369,62933,63320,55056,43448,36261,33521,36239,35846,31377,25747,21352,15184,9183,7046,681905,340953,30to34YearOldsCumSum,0.169055,30.67622,50256,98117,149023,205392,268325,331645,386701,430149,466410,499931,536170,572016,603393,629140,650492,665676,674859,681905
1982,Female,24479,23483,24840,27991,32669,32540,28058,22497,19096,17718,19194,19207,17077,14906,13109,9876,6407,5319,358466,179233,30to34YearOldsCumSum,0.471559,31.88624,24479,47962,72802,100793,133462,166002,194060,216557,235653,253371,272565,291772,308849,323755,336864,346740,353147,358466
1982,Male,25777,24378,26066,28378,30264,30780,26998,20951,17165,15803,17045,16639,14300,10841,8243,5308,2776,1727,323439,161720,25to29YearOldsCumSum,0.872531,28.49012,25777,50155,76221,104599,134863,165643,192641,213592,230757,246560,263605,280244,294544,305385,313628,318936,321712,323439
1983,Total,49727,47507,50021,53744,61946,63559,55415,45102,37556,33674,34908,35546,31805,25919,21638,15356,9502,7282,680207,340104,30to34YearOldsCumSum,0.245412,30.98165,49727,97234,147255,200999,262945,326504,381919,427021,464577,498251,533159,568705,600510,626429,648067,663423,672925,680207
1983,Female,24209,23283,24405,26681,32151,32678,28308,23372,19724,17768,18506,19056,17340,14943,13262,9953,6655,5502,357796,178898,30to34YearOldsCumSum,0.54723,32.18892,24209,47492,71897,98578,130729,163407,191715,215087,234811,252579,271085,290141,307481,322424,335686,345639,352294,357796
1983,Male,25518,24224,25616,27063,29795,30881,27107,21730,17832,15906,16402,16490,14465,10976,8376,5403,2847,1780,322411,161206,25to29YearOldsCumSum,0.938749,28.75499,25518,49742,75358,102421,132216,163097,190204,211934,229766,245672,262074,278564,293029,304005,312381,317784,320631,322411
1984,Total,48987,48105,49103,51548,60346,63206,55757,47221,38162,33818,33747,34784,32158,26208,21821,15624,9720,7574,677889,338945,30to34YearOldsCumSum,0.316543,31.26617,48987,97092,146195,197743,258089,321295,377052,424273,462435,496253,530000,564784,596942,623150,644971,660595,670315,677889
1984,Female,23838,23561,23944,25608,31302,32529,28549,24482,20004,17820,17904,18651,17562,15079,13317,10151,6811,5738,356850,178425,30to34YearOldsCumSum,0.61799,32.47196,23838,47399,71343,96951,128253,160782,189331,213813,233817,251637,269541,288192,305754,320833,334150,344301,351112,356850
1984,Male,25149,24544,25159,25940,29044,30677,27208,22739,18158,15998,15843,16133,14596,11129,8504,5473,2909,1836,321039,160520,30to34YearOldsCumSum,0.000239,30.00096,25149,49693,74852,100792,129836,160513,187721,210460,228618,244616,260459,276592,291188,302317,310821,316294,319203,321039
1985,Total,47856,48352,47903,49920,58401,62678,56566,49172,38888,33847,32809,34066,32575,26490,21931,15875,9942,7806,675077,337539,30to34YearOldsCumSum,0.396501,31.58601,47856,96208,144111,194031,252432,315110,371676,420848,459736,493583,526392,560458,593033,619523,641454,657329,667271,675077
1985,Female,23274,23666,23349,24765,30250,32266,29008,25486,20331,17815,17436,18258,17829,15208,13349,10300,6992,5924,355506,177753,30to34YearOldsCumSum,0.695774,32.78309,23274,46940,70289,95054,125304,157570,186578,212064,232395,250210,267646,285904,303733,318941,332290,342590,349582,355506
1985,Male,24582,24686,24554,25155,28151,30412,27558,23686,18557,16032,15373,15808,14746,11282,8582,5575,2950,1882,319571,159786,30to34YearOldsCumSum,0.081483,30.32593,24582,49268,73822,98977,127128,157540,185098,208784,227341,243373,258746,274554,289300,300582,309164,314739,317689,319571
1986,Total,46943,48541,46093,49575,55557,62342,57210,51914,39325,34186,32106,33528,32464,27337,21856,16163,10313,8059,673512,336756,30to34YearOldsCumSum,0.484268,31.93707,46943,95484,141577,191152,246709,309051,366261,418175,457500,491686,523792,557320,589784,617121,638977,655140,665453,673512
1986,Female,22819,23735,22474,24585,28781,32144,29404,26919,20517,17967,17080,17979,17812,15651,13246,10466,7247,6134,354960,177480,30to34YearOldsCumSum,0.780234,33.12094,22819,46554,69028,93613,122394,154538,183942,210861,231378,249345,266425,284404,302216,317867,331113,341579,348826,354960
1986,Male,24124,24806,23619,24990,26776,30198,27806,24995,18808,16219,15026,15549,14652,11686,8610,5697,3066,1925,318552,159276,30to34YearOldsCumSum,0.171294,30.68518,24124,48930,72549,97539,124315,154513,182319,207314,226122,242341,257367,272916,287568,299254,307864,313561,316627,318552
1987,Total,46140,48069,45246,48943,52606,61444,58005,52017,42323,34840,31528,32818,32229,28092,21962,16500,10555,8371,671688,335844,30to34YearOldsCumSum,0.575743,32.30297,46140,94209,139455,188398,241004,302448,360453,412470,454793,489633,521161,553979,586208,614300,636262,652762,663317,671688
1987,Female,22417,23487,22052,24248,27244,31733,29885,26984,22028,18281,16786,17615,17709,16089,13235,10682,7415,6389,354279,177140,30to34YearOldsCumSum,0.868613,33.47445,22417,45904,67956,92204,119448,151181,181066,208050,230078,248359,265145,282760,300469,316558,329793,340475,347890,354279
1987,Male,23723,24582,23194,24695,25362,29711,28120,25033,20295,16559,14742,15203,14520,12003,8727,5818,3140,1982,317409,158705,30to34YearOldsCumSum,0.264491,31.05797,23723,48305,71499,96194,121556,151267,179387,204420,224715,241274,256016,271219,285739,297742,306469,312287,315427,317409
1988,Total,45319,47170,44713,47849,49553,60014,58537,52724,43833,35600,31367,31746,32310,28550,22077,16692,10747,8595,667396,333698,30to34YearOldsCumSum,0.667612,32.67045,45319,92489,137202,185051,234604,294618,353155,405879,449712,485312,516679,548425,580735,609285,631362,648054,658801,667396
1988,Female,22014,23023,21793,23673,25639,31047,30229,27354,22767,18646,16722,17064,17759,16328,13216,10808,7518,6560,352160,176080,30to34YearOldsCumSum,0.955738,33.82295,22014,45037,66830,90503,116142,147189,177418,204772,227539,246185,262907,279971,297730,314058,327274,338082,345600,352160
1988,Male,23305,24147,22920,24176,23914,28967,28308,25370,21066,16954,14645,14682,14551,12222,8861,5884,3229,2035,315236,157618,30to34YearOldsCumSum,0.359934,31.43973,23305,47452,70372,94548,118462,147429,175737,201107,222173,239127,253772,268454,283005,295227,304088,309972,313201,315236
1989,Total,45455,46210,44947,46533,47097,58400,58909,53728,46090,35932,31320,31035,32153,29320,22175,16842,11072,8814,666032,333016,30to34YearOldsCumSum,0.753264,33.01305,45455,91665,136612,183145,230242,288642,347551,401279,447369,483301,514621,545656,577809,607129,629304,646146,657218,666032
1989,Female,22077,22527,21914,22996,24342,30261,30516,27875,23893,18798,16725,16704,17666,16747,13167,10898,7741,6740,351587,175794,35to39YearOldsCumSum,0.041632,35.16653,22077,44604,66518,89514,113856,144117,174633,202508,226401,245199,261924,278628,296294,313041,326208,337106,344847,351587
1989,Male,23378,23683,23033,23537,22755,28139,28393,25853,22197,17134,14595,14331,14487,12573,9008,5944,3331,2074,314445,157223,30to34YearOldsCumSum,0.447205,31.78882,23378,47061,70094,93631,116386,144525,172918,198771,220968,238102,252697,267028,281515,294088,303096,309040,312371,314445
1990,Total,45298,44460,44683,45305,45888,56721,59132,55128,48487,36464,31376,30792,32209,29895,22346,16953,11369,9027,665533,332767,30to34YearOldsCumSum,0.852525,33.4101,45298,89758,134441,179746,225634,282355,341487,396615,445102,481566,512942,543734,575943,605838,628184,645137,656506,665533
1990,Female,21989,21658,21796,22372,23632,29403,30661,28580,25084,19060,16776,16600,17675,17051,13170,10964,7946,6930,351347,175674,35to39YearOldsCumSum,0.145644,35.58258,21989,43647,65443,87815,111447,140850,171511,200091,225175,244235,261011,277611,295286,312337,325507,336471,344417,351347
1990,Male,23309,22802,22887,22933,22256,27318,28471,26548,23403,17404,14600,14192,14534,12844,9176,5989,3423,2097,314186,157093,30to34YearOldsCumSum,0.547504,32.19002,23309,46111,68998,91931,114187,141505,169976,196524,219927,237331,251931,266123,280657,293501,302677,308666,312089,314186
1991,Total,45459,43724,45152,44251,46298,54670,58789,55854,50627,36717,31957,30530,32114,29652,22771,17171,11572,9432,666740,333370,30to34YearOldsCumSum,0.915409,33.66164,45459,89183,134335,178586,224884,279554,338343,394197,444824,481541,513498,544028,576142,605794,628565,645736,657308,666740
1991,Female,22077,21312,22014,21774,23891,28404,30566,29001,26222,19219,17098,16448,17586,16856,13360,11070,8096,7253,352247,176124,35to39YearOldsCumSum,0.209838,35.83935,22077,43389,65403,87177,111068,139472,170038,199039,225261,244480,261578,278026,295612,312468,325828,336898,344994,352247
1991,Male,23382,22412,23138,22477,22407,26266,28223,26853,24405,17498,14859,14082,14528,12796,9411,6101,3476,2179,314493,157247,30to34YearOldsCumSum,0.608174,32.4327,23382,45794,68932,91409,113816,140082,168305,195158,219563,237061,251920,266002,280530,293326,302737,308838,312314,314493
1992,Total,45670,43100,45267,44003,46761,52459,58082,56808,50526,39586,32862,30538,31760,29497,23465,17199,11807,9698,669088,334544,30to34YearOldsCumSum,0.986261,33.94504,45670,88770,134037,178040,224801,277260,335342,392150,442676,482262,515124,545662,577422,606919,630384,647583,659390,669088
1992,Female,22175,21011,22044,21630,24052,27310,30186,29479,26180,20710,17592,16435,17380,16727,13724,11073,8249,7479,353436,176718,35to39YearOldsCumSum,0.281896,36.12758,22175,43186,65230,86860,110912,138222,168408,197887,224067,244777,262369,278804,296184,312911,326635,337708,345957,353436
1992,Male,23495,22089,23223,22373,22709,25149,27896,27329,24346,18876,15270,14103,14380,12770,9741,6126,3558,2219,315652,157826,30to34YearOldsCumSum,0.673502,32.69401,23495,45584,68807,91180,113889,139038,166934,194263,218609,237485,252755,266858,281238,294008,303749,309875,313433,315652
1993,Total,45495,42483,44988,44101,46531,50397,57193,57736,51081,41038,34034,30997,31171,29706,23874,17138,12048,9951,669962,334981,35to39YearOldsCumSum,0.065696,35.26278,45495,87978,132966,177067,223598,273995,331188,388924,440005,481043,515077,546074,577245,606951,630825,647963,660011,669962
1993,Female,22077,20711,21895,21693,24007,26288,29749,29950,26490,21468,18227,16673,17029,16807,13946,10976,8425,7672,354083,177042,35to39YearOldsCumSum,0.354641,36.41856,22077,42788,64683,86376,110383,136671,166420,196370,222860,244328,262555,279228,296257,313064,327010,337986,346411,354083
1993,Male,23418,21772,23093,22408,22524,24109,27444,27786,24591,19570,15807,14324,14142,12899,9928,6162,3623,2279,315879,157940,30to34YearOldsCumSum,0.751184,33.00474,23418,45190,68283,90691,113215,137324,164768,192554,217145,236715,252522,266846,280988,293887,303815,309977,313600,315879
1994,Total,45259,42537,44308,44611,46078,48674,56169,58003,51870,42828,34565,31520,30738,29564,24119,17306,12121,10172,670442,335221,35to39YearOldsCumSum,0.130769,35.52308,45259,87796,132104,176715,222793,271467,327636,385639,437509,480337,514902,546422,577160,606724,630843,648149,660270,670442
1994,Female,21964,20703,21557,21907,23715,25416,29208,30072,26906,22379,18509,16986,16760,16704,14073,11024,8467,7845,354195,177098,35to39YearOldsCumSum,0.419909,36.67964,21964,42667,64224,86131,109846,135262,164470,194542,221448,243827,262336,279322,296082,312786,326859,337883,346350,354195
1994,Male,23295,21834,22751,22704,22363,23258,26961,27931,24964,20449,16056,14534,13978,12860,10046,6282,3654,2327,316247,158124,30to34YearOldsCumSum,0.812971,33.25188,23295,45129,67880,90584,112947,136205,163166,191097,216061,236510,252566,267100,281078,293938,303984,310266,313920,316247
1995,Total,44633,42467,43369,45229,45168,47979,54905,58252,52801,44616,35289,31832,30686,29577,24318,17383,12323,10430,671257,335629,35to39YearOldsCumSum,0.203916,35.81566,44633,87100,130469,175698,220866,268845,323750,382002,434803,479419,514708,546540,577226,606803,631121,648504,660827,671257
1995,Female,21688,20675,21109,22197,23206,25031,28578,30179,27392,23316,18907,17172,16728,16670,14144,11037,8614,8051,354694,177347,35to39YearOldsCumSum,0.492495,36.96998,21688,42363,63472,85669,108875,133906,162484,192663,220055,243371,262278,279450,296178,312848,326992,338029,346643,354694
1995,Male,22945,21792,22260,23032,21962,22948,26327,28073,25409,21300,16382,14660,13958,12907,10174,6346,3709,2379,316563,158282,30to34YearOldsCumSum,0.886637,33.54655,22945,44737,66997,90029,111991,134939,161266,189339,214748,236048,252430,267090,281048,293955,304129,310475,314184,316563
1996,Total,44010,42571,42608,45555,43742,48240,53137,58133,53642,46721,35602,32396,30458,29346,24054,17691,12406,10690,671002,335501,35to39YearOldsCumSum,0.269004,36.07602,44010,86581,129189,174744,218486,266726,319863,377996,431638,478359,513961,546357,576815,606161,630215,647906,660312,671002
1996,Female,21382,20737,20753,22353,22486,25203,27689,30132,27826,24453,19084,17467,16593,16493,13954,11166,8662,8255,354688,177344,35to39YearOldsCumSum,0.555589,37.22235,21382,42119,62872,85225,107711,132914,160603,190735,218561,243014,262098,279565,296158,312651,326605,337771,346433,354688
1996,Male,22628,21834,21855,23202,21256,23037,25448,28001,25816,22268,16518,14929,13865,12853,10100,6525,3744,2435,316314,158157,30to34YearOldsCumSum,0.956657,33.82663,22628,44462,66317,89519,110775,133812,159260,187261,213077,235345,251863,266792,280657,293510,303610,310135,313879,316314
1997,Total,44059,43337,42572,45624,43043,48176,50910,57332,54235,46382,38075,33162,30324,28988,23861,18055,12351,10851,671337,335669,35to39YearOldsCumSum,0.313045,36.25218,44059,87396,129968,175592,218635,266811,317721,375053,429288,475670,513745,546907,577231,606219,630080,648135,660486,671337
1997,Female,21397,21113,20744,22371,22143,25175,26565,29694,28102,24273,20403,17889,16493,16280,13778,11369,8603,8373,354765,177383,35to39YearOldsCumSum,0.601957,37.40783,21397,42510,63254,85625,107768,132943,159508,189202,217304,241577,261980,279869,296362,312642,326420,337789,346392,354765
1997,Male,22662,22224,21828,23253,20900,23001,24345,27638,26133,22109,17672,15273,13831,12708,10083,6686,3748,2478,316572,158286,35to39YearOldsCumSum,0.002641,35.01057,22662,44886,66714,89967,110867,133868,158213,185851,211984,234093,251765,267038,280869,293577,303660,310346,314094,316572
1998,Total,43389,42979,41856,45329,43146,47871,49307,56837,55246,46943,39454,34356,30902,28435,23946,18354,12236,11009,671595,335798,35to39YearOldsCumSum,0.385673,36.54269,43389,86368,128224,173553,216699,264570,313877,370714,425960,472903,512357,546713,577615,606050,629996,648350,660586,671595
1998,Female,21077,20915,20378,22202,22152,25022,25716,29408,28614,24567,21139,18540,16800,15923,13797,11479,8466,8479,354674,177337,35to39YearOldsCumSum,0.675837,37.70335,21077,41992,62370,84572,106724,131746,157462,186870,215484,240051,261190,279730,296530,312453,326250,337729,346195,354674
1998,Male,22312,22064,21478,23127,20994,22849,23591,27429,26632,22376,18315,15816,14102,12512,10149,6875,3770,2530,316921,158461,35to39YearOldsCumSum,0.074574,35.2983,22312,44376,65854,88981,109975,132824,156415,183844,210476,232852,251167,266983,281085,293597,303746,310621,314391,316921
1999,Total,42755,42349,41549,44537,43660,47365,48164,56518,55969,47989,41398,35216,31688,27995,23825,18656,12134,11133,672900,336450,35to39YearOldsCumSum,0.461287,36.84515,42755,85104,126653,171190,214850,262215,310379,366897,422866,470855,512253,547469,579157,607152,630977,649633,661767,672900
1999,Female,20778,20615,20205,21822,22377,24730,25136,29193,28950,25139,22169,18995,17249,15645,13695,11608,8358,8551,355215,177608,35to39YearOldsCumSum,0.751704,38.00682,20778,41393,61598,83420,105797,130527,155663,184856,213806,238945,261114,280109,297358,313003,326698,338306,346664,355215
1999,Male,21977,21734,21344,22715,21283,22635,23028,27325,27019,22850,19229,16221,14439,12350,10130,7048,3776,2582,317685,158843,35to39YearOldsCumSum,0.151016,35.60406,21977,43711,65055,87770,109053,131688,154716,182041,209060,231910,251139,267360,281799,294149,304279,311327,315103,317685
2000,Total,46470,47569,46676,45161,44351,48849,48757,55779,57227,53021,45669,33514,27378,25136,24686,20357,12912,10887,694399,347200,35to39YearOldsCumSum,0.347201,36.3888,46470,94039,140715,185876,230227,279076,327833,383612,440839,493860,539529,573043,600421,625557,650243,670600,683512,694399
2000,Female,22638,23176,22723,22277,22787,24801,24432,28534,29499,27459,23682,17755,15032,14087,14309,12510,8439,8184,362324,181162,35to39YearOldsCumSum,0.642321,37.56929,22638,45814,68537,90814,113601,138402,162834,191368,220867,248326,272008,289763,304795,318882,333191,345701,354140,362324
2000,Male,23832,24393,23953,22884,21564,24048,24325,27245,27728,25562,21987,15759,12346,11049,10377,7847,4473,2703,332075,166038,35to39YearOldsCumSum,0.038117,35.15247,23832,48225,72178,95062,116626,140674,164999,192244,219972,245534,267521,283280,295626,306675,317052,324899,329372,332075
2001,Total,46833,46930,47399,44066,46400,47127,49736,53595,57746,53694,48601,33848,27626,24762,24201,20428,13253,10914,697159,348580,35to39YearOldsCumSum,0.37482,36.49928,46833,93763,141162,185228,231628,278755,328491,382086,439832,493526,542127,575975,603601,628363,652564,672992,686245,697159
2001,Female,22811,22717,23173,21520,23893,24050,24962,27301,29633,27892,25230,17869,15168,13897,13991,12516,8524,8233,363380,181690,35to39YearOldsCumSum,0.679975,37.7199,22811,45528,68701,90221,114114,138164,163126,190427,220060,247952,273182,291051,306219,320116,334107,346623,355147,363380
2001,Male,24022,24213,24226,22546,22507,23077,24774,26294,28113,25802,23371,15979,12458,10865,10210,7912,4729,2681,333779,166890,35to39YearOldsCumSum,0.057979,35.23192,24022,48235,72461,95007,117514,140591,165365,191659,219772,245574,268945,284924,297382,308247,318457,326369,331098,333779
2002,Total,46986,46096,48308,43802,47157,46889,50077,51440,57223,54560,48802,37044,28295,24379,23579,20452,13827,10894,699810,349905,35to39YearOldsCumSum,0.400272,36.60109,46986,93082,141390,185192,232349,279238,329315,380755,437978,492538,541340,578384,606679,631058,654637,675089,688916,699810
2002,Female,22723,22325,23690,21321,24397,24080,25121,26164,29376,28302,25373,19485,15428,13755,13519,12445,8965,8103,364572,182286,35to39YearOldsCumSum,0.712009,37.84804,22723,45048,68738,90059,114456,138536,163657,189821,219197,247499,272872,292357,307785,321540,335059,347504,356469,364572
2002,Male,24263,23771,24618,22481,22760,22809,24956,25276,27847,26258,23429,17559,12867,10624,10060,8007,4862,2791,335238,167619,35to39YearOldsCumSum,0.077583,35.31033,24263,48034,72652,95133,117893,140702,165658,190934,218781,245039,268468,286027,298894,309518,319578,327585,332447,335238
2003,Total,47330,45841,48482,43868,47620,47253,50085,49680,56514,55768,49615,38956,29746,24446,23058,20312,14332,11064,703970,351985,35to39YearOldsCumSum,0.43289,36.73156,47330,93171,141653,185521,233141,280394,330479,380159,436673,492441,542056,581012,610758,635204,658262,678574,692906,703970
2003,Female,23036,22248,23680,21414,24708,24481,25045,25270,29054,28817,25883,20497,16109,13714,13278,12313,9236,8200,366983,183492,35to39YearOldsCumSum,0.747111,37.98844,23036,45284,68964,90378,115086,139567,164612,189882,218936,247753,273636,294133,310242,323956,337234,349547,358783,366983
2003,Male,24294,23593,24802,22454,22912,22772,25040,24410,27460,26951,23732,18459,13637,10732,9780,7999,5096,2864,336987,168494,35to39YearOldsCumSum,0.107599,35.4304,24294,47887,72689,95143,118055,140827,165867,190277,217737,244688,268420,286879,300516,311248,321028,329027,334123,336987
2004,Total,47201,45746,48254,44145,47948,48727,49408,48317,55937,56153,50456,41070,30597,24507,22478,19863,14780,11241,706828,353414,35to39YearOldsCumSum,0.455016,36.82006,47201,92947,141201,185346,233294,282021,331429,379746,435683,491836,542292,583362,613959,638466,660944,680807,695587,706828
2004,Female,22970,22328,23463,21610,24550,24996,24734,24394,28629,28963,26320,21576,16474,13817,12897,12024,9504,8180,367429,183715,35to39YearOldsCumSum,0.781483,38.12593,22970,45298,68761,90371,114921,139917,164651,189045,217674,246637,272957,294533,311007,324824,337721,349745,359249,367429
2004,Male,24231,23418,24791,22535,23398,23731,24674,23923,27308,27190,24136,19494,14123,10690,9581,7839,5276,3061,339399,169700,35to39YearOldsCumSum,0.122121,35.48848,24231,47649,72440,94975,118373,142104,166778,190701,218009,245199,269335,288829,302952,313642,323223,331062,336338,339399
2005,Total,46732,45627,47894,45265,47230,50244,48217,47687,54541,56487,51464,43654,31468,24713,22043,19918,15025,11809,710018,355009,35to39YearOldsCumSum,0.499088,36.99635,46732,92359,140253,185518,232748,282992,331209,378896,433437,489924,541388,585042,616510,641223,663266,683184,698209,710018
2005,Female,22818,22254,23349,22146,24027,25850,24110,23988,27929,29174,26902,22855,16830,13921,12668,11967,9545,8562,368895,184448,35to39YearOldsCumSum,0.82931,38.31724,22818,45072,68421,90567,114594,140444,164554,188542,216471,245645,272547,295402,312232,326153,338821,350788,360333,368895
2005,Male,23914,23373,24545,23119,23203,24394,24107,23699,26612,27313,24562,20799,14638,10792,9375,7951,5480,3247,341123,170562,35to39YearOldsCumSum,0.164838,35.65935,23914,47287,71832,94951,118154,142548,166655,190354,216966,244279,268841,289640,304278,315070,324445,332396,337876,341123
2006,Total,46669,45911,47567,46050,46252,52326,46519,48975,52405,57059,52587,46596,31996,25060,21743,19843,15250,12341,715149,357575,35to39YearOldsCumSum,0.536611,37.14644,46669,92580,140147,186197,232449,284775,331294,380269,432674,489733,542320,588916,620912,645972,667715,687558,702808,715149
2006,Female,22805,22513,23031,22592,23330,27120,23348,24847,26679,29312,27511,24473,17011,14072,12529,11879,9717,8873,371642,185821,35to39YearOldsCumSum,0.848473,38.39389,22805,45318,68349,90941,114271,141391,164739,189586,216265,245577,273088,297561,314572,328644,341173,353052,362769,371642
2006,Male,23864,23398,24536,23458,22922,25206,23171,24128,25726,27747,25076,22123,14985,10988,9214,7964,5533,3468,343507,171754,35to39YearOldsCumSum,0.215455,35.86182,23864,47262,71798,95256,118178,143384,166555,190683,216409,244156,269232,291355,306340,317328,326542,334506,340039,343507
2007,Total,47199,46328,46835,47214,47071,54028,46726,49853,50617,56690,53483,46992,34884,25814,21528,19561,15352,12865,723040,361520,35to39YearOldsCumSum,0.52392,37.09568,47199,93527,140362,187576,234647,288675,335401,385254,435871,492561,546044,593036,627920,653734,675262,694823,710175,723040
2007,Female,23109,22637,22634,23210,23519,27630,23557,25108,25705,29138,28007,24633,18470,14391,12427,11679,9710,9236,374800,187400,35to39YearOldsCumSum,0.840529,38.36212,23109,45746,68380,91590,115109,142739,166296,191404,217109,246247,274254,298887,317357,331748,344175,355854,365564,374800
2007,Male,24090,23691,24201,24004,23552,26398,23169,24745,24912,27552,25476,22359,16414,11423,9101,7882,5642,3629,348240,174120,35to39YearOldsCumSum,0.202667,35.81067,24090,47781,71982,95986,119538,145936,169105,193850,218762,246314,271790,294149,310563,321986,331087,338969,344611,348240
2008,Total,48100,46959,47135,47762,47032,54147,47498,49762,49198,56039,54966,48022,37014,27140,21654,19088,15325,13353,730194,365097,35to39YearOldsCumSum,0.531811,37.12725,48100,95059,142194,189956,236988,291135,338633,388395,437593,493632,548598,596620,633634,660774,682428,701516,716841,730194
2008,Female,23368,23076,22780,23421,23768,27893,23997,25134,24910,28831,28605,25332,19649,15033,12384,11471,9655,9487,378794,189397,35to39YearOldsCumSum,0.839262,38.35705,23368,46444,69224,92645,116413,144306,168303,193437,218347,247178,275783,301115,320764,335797,348181,359652,369307,378794
2008,Male,24732,23883,24355,24341,23264,26254,23501,24628,24288,27208,26361,22690,17365,12107,9270,7617,5670,3866,351400,175700,35to39YearOldsCumSum,0.218045,35.87218,24732,48615,72970,97311,120575,146829,170330,194958,219246,246454,272815,295505,312870,324977,334247,341864,347534,351400
2009,Total,48219,47209,47184,47599,48205,54617,49165,49284,47764,55831,55364,48936,39298,28147,22036,18800,15285,13762,736705,368353,35to39YearOldsCumSum,0.530689,37.12276,48219,95428,142612,190211,238416,293033,342198,391482,439246,495077,550441,599377,638675,666822,688858,707658,722943,736705
2009,Female,23493,23125,22961,23249,24232,27793,24553,24938,24111,28585,28766,25778,20772,15500,12685,11188,9633,9674,381036,190518,35to39YearOldsCumSum,0.84658,38.38632,23493,46618,69579,92828,117060,144853,169406,194344,218455,247040,275806,301584,322356,337856,350541,361729,371362,381036
2009,Male,24726,24084,24223,24350,23973,26824,24612,24346,23653,27246,26598,23158,18526,12647,9351,7612,5652,4088,355669,177835,35to39YearOldsCumSum,0.207118,35.82847,24726,48810,73033,97383,121356,148180,172792,197138,220791,248037,274635,297793,316319,328966,338317,345929,351581,355669
2010,Total,48626,47214,47459,47182,49065,54002,50873,48227,47414,54872,55910,50179,41835,29071,22213,18466,15422,14142,742172,371086,35to39YearOldsCumSum,0.552906,37.21162,48626,95840,143299,190481,239546,293548,344421,392648,440062,494934,550844,601023,642858,671929,694142,712608,728030,742172
2010,Female,23699,23259,23075,23130,24768,27440,25497,24369,23821,28059,29046,26480,22029,15910,12766,10969,9663,9920,383900,191950,35to39YearOldsCumSum,0.865116,38.46046,23699,46958,70033,93163,117931,145371,170868,195237,219058,247117,276163,302643,324672,340582,353348,364317,373980,383900
2010,Male,24927,23955,24384,24052,24297,26562,25376,23858,23593,26813,26864,23699,19806,13161,9447,7497,5759,4222,358272,179136,35to39YearOldsCumSum,0.23401,35.93604,24927,48882,73266,97318,121615,148177,173553,197411,221004,247817,274681,298380,318186,331347,340794,348291,354050,358272
2011,Total,49370,47554,46030,49975,53895,52057,46920,48503,52483,46978,56426,51225,44819,29542,22553,18297,15237,14548,746412,373206,35to39YearOldsCumSum,0.565017,37.26007,49370,96924,142954,192929,246824,298881,345801,394304,446787,493765,550191,601416,646235,675777,698330,716627,731864,746412
2011,Female,24048,23199,22416,25347,27351,26326,23654,24595,26836,23179,29227,27037,23678,16040,12903,10869,9492,10133,386330,193165,35to39YearOldsCumSum,0.846676,38.3867,24048,47247,69663,95010,122361,148687,172341,196936,223772,246951,276178,303215,326893,342933,355836,366705,376197,386330
2011,Male,25322,24355,23614,24628,26544,25731,23266,23908,25647,23799,27199,24188,21141,13502,9650,7428,5745,4415,360082,180041,35to39YearOldsCumSum,0.275264,36.10105,25322,49677,73291,97919,124463,150194,173460,197368,223015,246814,274013,298201,319342,332844,342494,349922,355667,360082
2012,Total,49437,47563,45474,50711,54239,52841,46698,49055,50578,47347,56272,52450,45150,32600,23304,18173,15020,14953,751865,375933,35to39YearOldsCumSum,0.590551,37.36221,49437,97000,142474,193185,247424,300265,346963,396018,446596,493943,550215,602665,647815,680415,703719,721892,736912,751865
2012,Female,24127,23194,22067,25789,27357,26733,23576,24985,25792,23281,29090,27752,23890,17597,13257,10814,9281,10346,388928,194464,35to39YearOldsCumSum,0.865359,38.46144,24127,47321,69388,95177,122534,149267,172843,197828,223620,246901,275991,303743,327633,345230,358487,369301,378582,388928
2012,Male,25310,24369,23407,24922,26882,26108,23122,24070,24786,24066,27182,24698,21260,15003,10047,7359,5739,4607,362937,181469,35to39YearOldsCumSum,0.305297,36.22119,25310,49679,73086,98008,124890,150998,174120,198190,222976,247042,274224,298922,320182,335185,345232,352591,358330,362937
2013,Total,49447,47506,45748,51155,55307,53885,47285,49102,49182,48093,55658,53780,45965,34558,24511,18412,14622,15210,759426,379713,35to39YearOldsCumSum,0.598346,37.39339,49447,96953,142701,193856,249163,303048,350333,399435,448617,496710,552368,606148,652113,686671,711182,729594,744216,759426
2013,Female,24091,23207,22189,26058,27834,27203,23893,25100,25018,23581,28795,28269,24503,18537,13833,10956,9012,10479,392558,196279,35to39YearOldsCumSum,0.868685,38.47474,24091,47298,69487,95545,123379,150582,174475,199575,224593,248174,276969,305238,329741,348278,362111,373067,382079,392558
2013,Male,25356,24299,23559,25097,27473,26682,23392,24002,24164,24512,26863,25511,21462,16021,10678,7456,5610,4731,366868,183434,35to39YearOldsCumSum,0.31564,36.26256,25356,49655,73214,98311,125784,152466,175858,199860,224024,248536,275399,300910,322372,338393,349071,356527,362137,366868
2014,Total,49244,47374,45622,50465,56485,53776,48092,48201,47591,47817,55129,54303,46953,36880,25449,18720,14298,15574,761973,380987,35to39YearOldsCumSum,0.62091,37.48364,49244,96618,142240,192705,249190,302966,351058,399259,446850,494667,549796,604099,651052,687932,713381,732101,746399,761973
2014,Females,23839,23240,22214,25285,28610,27236,24158,24684,24315,23351,28598,28506,25028,19792,14285,11085,8817,10673,393716,196858,35to39YearOldsCumSum,0.902447,38.60979,23839,47079,69293,94578,123188,150424,174582,199266,223581,246932,275530,304036,329064,348856,363141,374226,383043,393716
2014,Male,25405,24134,23408,25180,27875,26540,23934,23517,23276,24466,26531,25797,21925,17088,11164,7635,5481,4901,368257,184129,35to39YearOldsCumSum,0.325403,36.30161,25405,49539,72947,98127,126002,152542,176476,199993,223269,247735,274266,300063,321988,339076,350240,357875,363356,368257
2015,Total,49284,47082,45701,49555,57839,53583,49222,47325,47034,47718,53997,54644,47991,39284,26113,19001,14025,15794,765192,382596,35to39YearOldsCumSum,0.640887,37.56355,49284,96366,142067,191622,249461,303044,352266,399591,446625,494343,548340,602984,650975,690259,716372,735373,749398,765192
2015,Female,23867,23169,22319,24677,29380,27112,24762,24221,24040,23216,27978,28675,25664,21034,14542,11228,8610,10791,395285,197643,35to39YearOldsCumSum,0.923021,38.69209,23867,47036,69355,94032,123412,150524,175286,199507,223547,246763,274741,303416,329080,350114,364656,375884,384494,395285
2015,Male,25417,23913,23382,24878,28459,26471,24460,23104,22994,24502,26019,25969,22327,18250,11571,7773,5415,5003,369907,184954,35to39YearOldsCumSum,0.345113,36.38045,25417,49330,72712,97590,126049,152520,176980,200084,223078,247580,273599,299568,321895,340145,351716,359489,364904,369907
2016,Total,48950,47139,46168,48760,59338,53524,49965,45828,47750,47697,51548,54822,48851,41669,26502,19464,13974,15762,767711,383856,35to39YearOldsCumSum,0.654873,37.61949,48950,96089,142257,191017,250355,303879,353844,399672,447422,495119,546667,601489,650340,692009,718511,737975,751949,767711
2016,Female,23796,23196,22558,24062,30274,26860,25233,23403,24568,23196,26681,28673,26174,22362,14652,11412,8598,10730,396428,198214,35to39YearOldsCumSum,0.950092,38.80037,23796,46992,69550,93612,123886,150746,175979,199382,223950,247146,273827,302500,328674,351036,365688,377100,385698,396428
2016,Male,25154,23943,23610,24698,29064,26664,24732,22425,23182,24501,24867,26149,22677,19307,11850,8052,5376,5032,371283,185642,35to39YearOldsCumSum,0.346778,36.38711,25154,49097,72707,97405,126469,153133,177865,200290,223472,247973,272840,298989,321666,340973,352823,360875,366251,371283
2017,Total,48674,47212,46502,48276,60556,53679,50586,45416,47803,47450,49497,54290,49518,41684,29310,20053,14031,15840,770377,385189,35to39YearOldsCumSum,0.654032,37.61613,48674,95886,142388,190664,251220,304899,355485,400901,448704,496154,545651,599941,649459,691143,720453,740506,754537,770377
2017,Female,23740,23181,22817,23761,30818,26806,25574,23184,24745,23156,25535,28420,26565,22426,16106,11694,8604,10705,397837,198919,35to39YearOldsCumSum,0.958484,38.83394,23740,46921,69738,93499,124317,151123,176697,199881,224626,247782,273317,301737,328302,350728,366834,378528,387132,397837
2017,Male,24934,24031,23685,24515,29738,26873,25012,22232,23058,24294,23962,25870,22953,19258,13204,8359,5427,5135,372540,186270,35to39YearOldsCumSum,0.336542,36.34617,24934,48965,72650,97165,126903,153776,178788,201020,224078,248372,272334,298204,321157,340415,353619,361978,367405,372540
2018,Total,48326,47334,46268,47959,60494,53784,51052,45398,47345,46872,47592,53221,50369,42210,30963,21001,14396,15933,770517,385259,35to39YearOldsCumSum,0.661736,37.64694,48326,95660,141928,189887,250381,304165,355217,400615,447960,494832,542424,595645,646014,688224,719187,740188,754584,770517
2018,Female,23534,23172,22745,23877,30643,26789,25802,23236,24471,22917,24567,27925,26862,22934,16925,12195,8782,10714,398090,199045,35to39YearOldsCumSum,0.967593,38.87037,23534,46706,69451,93328,123971,150760,176562,199798,224269,247186,271753,299678,326540,349474,366399,378594,387376,398090
2018,Male,24792,24162,23523,24082,29851,26995,25250,22162,22874,23955,23025,25296,23507,19276,14038,8806,5614,5219,372427,186214,35to39YearOldsCumSum,0.341057,36.36423,24792,48954,72477,96559,126410,153405,178655,200817,223691,247646,270671,295967,319474,338750,352788,361594,367208,372427
